_id,0,1,2,3,4,5,6,7,8,9,10,11,12,13,14,15
604bb934e4ed841a35df1cd7,b,27.83,1.54,u,g,w,v,3.75,t,t,5,t,g,00100,3,+
604bb934e4ed841a35df1cdd,b,42.50,4.915,y,p,w,v,3.165,t,f,0,t,g,00052,1442,+
604bb934e4ed841a35df1cfa,b,27.75,0.585,y,p,cc,v,0.25,t,t,2,f,g,00260,500,+
604bb934e4ed841a35df1d06,a,25.75,0.5,u,g,c,h,0.875,t,f,0,t,g,00491,0,+
604bb934e4ed841a35df1d10,b,56.75,12.25,u,g,m,v,1.25,t,t,4,t,g,00200,0,+
604bb934e4ed841a35df1d1c,a,38.58,5.0,u,g,cc,v,13.5,t,f,0,t,g,00980,0,-
604bb934e4ed841a35df1d29,b,37.17,4.0,u,g,c,bb,5.0,t,f,0,t,s,00280,0,-
604bb934e4ed841a35df1d48,b,37.75,7.0,u,g,q,h,11.5,t,t,7,t,g,00300,5,-
604bb934e4ed841a35df1d68,a,30.50,6.5,u,g,c,bb,4.0,t,t,7,t,g,00000,3065,+
604bb934e4ed841a35df1d74,b,27.67,2.0,u,g,x,h,1.0,t,t,4,f,g,00140,7544,+
604bb934e4ed841a35df1da4,b,35.17,2.5,u,g,k,v,4.5,t,t,7,f,g,00150,1270,+
604bb934e4ed841a35df1dbf,a,20.67,1.835,u,g,q,v,2.085,t,t,5,f,g,00220,2503,+
604bb934e4ed841a35df1dc1,b,21.33,7.5,u,g,aa,v,1.415,t,t,1,f,g,00080,9800,+
604bb934e4ed841a35df1dca,b,45.00,8.5,u,g,cc,h,14.0,t,t,1,t,g,00088,2000,+
604bb934e4ed841a35df1dd7,a,24.50,1.75,y,p,c,v,0.165,f,f,0,f,g,00132,0,-
604bb934e4ed841a35df1df2,a,?,1.5,u,g,ff,ff,0.0,f,t,2,t,g,00200,105,-
604bb934e4ed841a35df1dff,b,22.17,12.125,u,g,c,v,3.335,f,t,2,t,g,00180,173,-
604bb934e4ed841a35df1e11,b,17.50,22.0,l,gg,ff,o,0.0,f,f,0,t,p,00450,100000,+
604bb934e4ed841a35df1e15,a,18.08,0.375,l,gg,cc,ff,10.0,f,f,0,t,s,00300,0,+
604bb934e4ed841a35df1e38,b,41.17,1.335,u,g,d,v,0.165,f,f,0,f,g,00168,0,-
604bb934e4ed841a35df1e50,b,43.17,5.0,u,g,i,bb,2.25,f,f,0,t,g,00141,0,-
604bb934e4ed841a35df1e52,a,24.33,2.5,y,p,i,bb,4.5,f,f,0,f,g,00200,456,-
604bb934e4ed841a35df1e54,b,22.08,11.46,u,g,k,v,1.585,f,f,0,t,g,00100,1212,-
604bb934e4ed841a35df1e63,b,31.00,2.085,u,g,c,v,0.085,f,f,0,f,g,00300,0,-
604bb934e4ed841a35df1e68,b,34.00,5.085,y,p,i,bb,1.085,f,f,0,t,g,00480,0,-
604bb934e4ed841a35df1e89,a,53.33,0.165,u,g,ff,ff,0.0,f,f,0,t,s,00062,27,-
604bb934e4ed841a35df1ea6,b,31.08,3.085,u,g,c,v,2.5,f,t,2,t,g,00160,41,-
604bb934e4ed841a35df1ea9,b,16.33,4.085,u,g,i,h,0.415,f,f,0,t,g,00120,0,-
604bb934e4ed841a35df1ed4,a,44.33,0.0,u,g,c,v,2.5,t,f,0,f,g,00000,0,+
604bb934e4ed841a35df1edd,a,30.00,5.29,u,g,e,dd,2.25,t,t,5,t,g,00099,500,+
604bb934e4ed841a35df1eed,b,35.25,3.165,u,g,x,h,3.75,t,f,0,t,g,00680,0,-
604bb934e4ed841a35df1ef5,b,44.25,11.0,y,p,d,v,1.5,t,f,0,f,s,00000,0,-
604bb934e4ed841a35df1efa,b,76.75,22.29,u,g,e,z,12.75,t,t,1,t,g,00000,109,+
604bb934e4ed841a35df1efe,a,22.42,11.25,y,p,x,h,0.75,t,t,4,f,g,00000,321,+
604bb934e4ed841a35df1f01,a,32.17,1.46,u,g,w,v,1.085,t,t,16,f,g,00120,2079,+
604bb934e4ed841a35df1f05,b,26.75,1.125,u,g,x,h,1.25,t,f,0,f,g,00000,5298,+
604bb934e4ed841a35df1f1e,b,64.08,20.0,u,g,x,h,17.5,t,t,9,t,g,00000,1000,+
604bb934e4ed841a35df1f20,b,26.67,1.75,y,p,c,v,1.0,t,t,5,t,g,00160,5777,+
604bb934e4ed841a35df1f58,b,36.17,0.42,y,p,w,v,0.29,f,f,0,t,g,00309,2,-
604bb934e4ed841a35df1f6b,b,32.08,4.0,y,p,cc,v,1.5,f,f,0,t,g,00120,0,-
604bb934e4ed841a35df1f6c,b,31.08,1.5,y,p,w,v,0.04,f,f,0,f,s,00160,0,-
604bb934e4ed841a35df1f84,b,17.92,0.205,u,g,aa,v,0.04,f,f,0,f,g,00280,750,-
604bb934e4ed841a35df1cdf,b,29.92,1.835,u,g,c,h,4.335,t,f,0,f,g,00260,200,+
604bb934e4ed841a35df1cfc,b,34.17,9.17,u,g,c,v,4.5,t,t,12,t,g,00000,221,+
604bb934e4ed841a35df1d21,a,19.17,0.585,y,p,aa,v,0.585,t,f,0,t,g,00160,0,-
604bb934e4ed841a35df1d27,a,?,3.5,u,g,d,v,3.0,t,f,0,t,g,00300,0,-
604bb934e4ed841a35df1d30,b,?,5.0,y,p,aa,v,8.5,t,f,0,f,g,00000,0,-
604bb934e4ed841a35df1d31,b,52.33,1.375,y,p,c,h,9.46,t,f,0,t,g,00200,100,-
604bb934e4ed841a35df1d36,a,22.50,11.0,y,p,q,v,3.0,t,f,0,t,g,00268,0,-
604bb934e4ed841a35df1d39,b,35.25,16.5,y,p,c,v,4.0,t,f,0,f,g,00080,0,-
604bb934e4ed841a35df1d3e,b,28.75,1.165,u,g,k,v,0.5,t,f,0,f,s,00280,0,-
604bb934e4ed841a35df1d41,a,19.75,0.75,u,g,c,v,0.795,t,t,5,t,g,00140,5,-
604bb934e4ed841a35df1d45,a,33.75,0.75,u,g,k,bb,1.0,t,t,3,t,g,00212,0,-
604bb934e4ed841a35df1d58,a,47.42,8.0,u,g,e,bb,6.5,t,t,6,f,g,00375,51100,+
604bb934e4ed841a35df1d5a,b,32.67,5.5,u,g,q,h,5.5,t,t,12,t,g,00408,1000,+
604bb934e4ed841a35df1d61,a,56.50,16.0,u,g,j,ff,0.0,t,t,15,f,g,00000,247,+
604bb934e4ed841a35df1d90,a,28.67,1.04,u,g,c,v,2.5,t,t,5,t,g,00300,1430,+
604bb934e4ed841a35df1dc2,b,42.83,4.625,u,g,q,v,4.58,t,f,0,f,s,00000,0,+
604bb934e4ed841a35df1dd9,a,52.17,0.0,y,p,ff,ff,0.0,f,f,0,f,g,00000,0,-
604bb934e4ed841a35df1e0f,b,23.00,0.75,u,g,m,v,0.5,t,f,0,t,s,00320,0,-
604bb934e4ed841a35df1e2e,?,32.25,1.5,u,g,c,v,0.25,f,f,0,t,g,00372,122,-
604bb934e4ed841a35df1e3f,b,16.92,0.335,y,p,k,v,0.29,f,f,0,f,s,00200,0,-
604bb934e4ed841a35df1e48,a,45.00,4.585,u,g,k,h,1.0,f,f,0,t,s,00240,0,-
604bb934e4ed841a35df1e69,a,69.50,6.0,u,g,ff,ff,0.0,f,f,0,f,s,00000,0,-
604bb934e4ed841a35df1e73,a,22.25,1.25,y,p,ff,ff,3.25,f,f,0,f,g,00280,0,-
604bb934e4ed841a35df1e86,b,58.58,2.71,u,g,c,v,2.415,f,f,0,t,g,00320,0,-
604bb934e4ed841a35df1ea1,b,24.08,0.875,u,g,m,v,0.085,f,t,4,f,g,00254,1950,-
604bb934e4ed841a35df1ea7,a,30.42,1.375,u,g,w,h,0.04,f,t,3,f,g,00000,33,-
604bb934e4ed841a35df1ead,b,19.17,4.0,y,p,i,v,1.0,f,f,0,t,g,00360,1000,-
604bb934e4ed841a35df1ec7,b,20.42,7.0,u,g,c,v,1.625,t,t,3,f,g,00200,1391,+
604bb934e4ed841a35df1eea,b,31.83,2.5,u,g,aa,v,7.5,t,f,0,t,g,00523,0,-
604bb934e4ed841a35df1ef3,b,36.33,3.79,u,g,w,v,1.165,t,f,0,t,g,00200,0,-
604bb934e4ed841a35df1ef6,b,23.58,0.46,y,p,w,v,2.625,t,t,6,t,g,00208,347,-
604bb934e4ed841a35df1f47,b,36.08,2.54,u,g,ff,ff,0.0,f,f,0,f,g,00000,1000,-
604bb934e4ed841a35df1f5c,b,25.58,0.335,u,g,k,h,3.5,f,f,0,t,g,00340,0,-
604bb934e4ed841a35df1f76,a,37.33,2.5,u,g,i,h,0.21,f,f,0,f,g,00260,246,-
604bb934e4ed841a35df1f80,b,40.58,3.29,u,g,m,v,3.5,f,f,0,t,s,00400,0,-
604bb934e4ed841a35df1cfb,b,54.58,9.415,u,g,ff,ff,14.415,t,t,11,t,g,00030,300,+
604bb934e4ed841a35df1d26,b,39.83,0.5,u,g,m,v,0.25,t,f,0,f,s,00288,0,-
604bb934e4ed841a35df1d2e,b,62.50,12.75,y,p,c,h,5.0,t,f,0,f,g,00112,0,-
604bb934e4ed841a35df1d5b,b,48.58,6.5,u,g,q,h,6.0,t,f,0,t,g,00350,0,+
604bb934e4ed841a35df1d7b,a,32.33,0.54,u,g,cc,v,0.04,t,f,0,f,g,00440,11177,+
604bb934e4ed841a35df1d83,b,27.00,1.5,y,p,w,v,0.375,t,f,0,t,g,00260,1065,+
604bb934e4ed841a35df1d8d,b,48.75,8.5,u,g,c,h,12.5,t,t,9,f,g,00181,1655,+
604bb934e4ed841a35df1da0,b,36.33,2.125,y,p,w,v,0.085,t,t,1,f,g,00050,1187,+
604bb934e4ed841a35df1da5,b,39.50,4.25,u,g,c,bb,6.5,t,t,16,f,g,00117,1210,+
604bb934e4ed841a35df1db3,a,18.83,9.54,u,g,aa,v,0.085,t,f,0,f,g,00100,0,+
604bb934e4ed841a35df1dc3,b,38.17,10.125,u,g,x,v,2.5,t,t,6,f,g,00520,196,+
604bb934e4ed841a35df1dd1,b,23.17,11.125,u,g,x,h,0.46,t,t,1,f,g,00100,0,+
604bb934e4ed841a35df1dd2,b,?,0.625,u,g,k,v,0.25,f,f,0,f,g,00380,2010,-
604bb934e4ed841a35df1de1,b,18.00,0.165,u,g,q,n,0.21,f,f,0,f,g,00200,40,+
604bb934e4ed841a35df1de6,b,30.67,2.5,u,g,cc,h,2.25,f,f,0,t,s,00340,0,-
604bb934e4ed841a35df1df3,b,29.50,0.58,u,g,w,v,0.29,f,t,1,f,g,00340,2803,-
604bb934e4ed841a35df1dfc,b,69.17,9.0,u,g,ff,ff,4.0,f,t,1,f,g,00070,6,-
604bb934e4ed841a35df1dfe,b,16.33,2.75,u,g,aa,v,0.665,f,t,1,f,g,00080,21,-
604bb934e4ed841a35df1e02,b,23.42,1.0,u,g,c,v,0.5,f,f,0,t,s,00280,0,-
604bb934e4ed841a35df1e1a,b,30.17,1.085,y,p,c,v,0.04,f,f,0,f,g,00170,179,-
604bb934e4ed841a35df1e20,b,34.08,2.5,u,g,c,v,1.0,f,f,0,f,g,00460,16,-
604bb934e4ed841a35df1e32,a,26.17,2.0,u,g,j,j,0.0,f,f,0,t,g,00276,1,-
604bb934e4ed841a35df1e41,b,42.83,1.25,u,g,m,v,13.875,f,t,1,t,g,00352,112,-
604bb934e4ed841a35df1e46,b,33.00,2.5,y,p,w,v,7.0,f,f,0,t,g,00280,0,-
604bb934e4ed841a35df1e4d,b,20.67,0.835,y,p,c,v,2.0,f,f,0,t,s,00240,0,-
604bb934e4ed841a35df1e4e,b,34.42,1.335,u,g,i,bb,0.125,f,f,0,t,g,00440,4500,-
604bb934e4ed841a35df1e57,b,21.17,0.0,u,g,c,v,0.5,f,f,0,t,s,00000,0,-
604bb934e4ed841a35df1e66,a,51.92,6.5,u,g,i,bb,3.085,f,f,0,t,g,00073,0,-
604bb934e4ed841a35df1e8d,b,39.58,5.0,u,g,ff,ff,0.0,f,t,2,f,g,00017,1,-
604bb934e4ed841a35df1eb7,b,23.75,0.415,y,p,c,v,0.04,f,t,2,f,g,00128,6,-
604bb934e4ed841a35df1eca,a,64.08,0.165,u,g,ff,ff,0.0,t,t,1,f,g,00232,100,+
604bb934e4ed841a35df1ecc,a,28.75,3.75,u,g,c,v,1.085,t,t,1,t,g,00371,0,+
604bb934e4ed841a35df1ece,a,18.92,9.0,u,g,aa,v,0.75,t,t,2,f,g,00088,591,+
604bb934e4ed841a35df1ed6,b,22.67,2.54,y,p,c,h,2.585,t,f,0,f,g,00000,0,+
604bb934e4ed841a35df1ef4,b,30.08,1.04,y,p,i,bb,0.5,t,t,10,t,g,00132,28,-
604bb934e4ed841a35df1f0f,b,21.00,3.0,y,p,d,v,1.085,t,t,8,t,g,00160,1,+
604bb934e4ed841a35df1f12,a,20.33,10.0,u,g,c,h,1.0,t,t,4,f,g,00050,1465,+
604bb934e4ed841a35df1f2b,b,20.50,2.415,u,g,c,v,2.0,t,t,11,t,g,00200,3000,+
604bb934e4ed841a35df1f2f,b,20.08,0.25,u,g,q,v,0.125,f,f,0,f,g,00200,0,-
604bb934e4ed841a35df1f48,b,29.25,13.0,u,g,d,h,0.5,f,f,0,f,g,00228,0,-
604bb934e4ed841a35df1f49,a,19.58,0.665,u,g,w,v,1.665,f,f,0,f,g,00220,5,-
604bb934e4ed841a35df1f59,b,37.33,2.665,u,g,cc,v,0.165,f,f,0,t,g,00000,501,-
604bb934e4ed841a35df1f72,b,47.17,5.835,u,g,w,v,5.5,f,f,0,f,g,00465,150,-
604bb934e4ed841a35df1f7a,a,17.92,10.21,u,g,ff,ff,0.0,f,f,0,f,g,00000,50,-
604bb934e4ed841a35df1ce0,a,38.25,6.0,u,g,k,v,1.0,t,f,0,t,g,00000,0,+
604bb934e4ed841a35df1cea,a,47.75,8.0,u,g,c,v,7.875,t,t,6,t,g,00000,1260,+
604bb934e4ed841a35df1cf4,b,49.50,7.585,u,g,i,bb,7.585,t,t,15,t,g,00000,5000,+
604bb934e4ed841a35df1cff,b,39.58,13.915,u,g,w,v,8.625,t,t,6,t,g,00070,0,+
604bb934e4ed841a35df1d09,b,34.92,2.5,u,g,w,v,0.0,t,f,0,t,g,00239,200,+
604bb934e4ed841a35df1d0e,b,35.17,4.5,u,g,x,h,5.75,f,f,0,t,s,00711,0,+
604bb934e4ed841a35df1d2a,b,?,0.375,u,g,d,v,0.875,t,f,0,t,s,00928,0,-
604bb934e4ed841a35df1d3c,b,27.83,4.0,y,p,i,h,5.75,t,t,2,t,g,00075,0,-
604bb934e4ed841a35df1d4e,a,24.75,12.5,u,g,aa,v,1.5,t,t,12,t,g,00120,567,+
604bb934e4ed841a35df1d53,b,22.75,11.0,u,g,q,v,2.5,t,t,7,t,g,00100,809,+
604bb934e4ed841a35df1d56,b,67.75,5.5,u,g,e,z,13.0,t,t,1,t,g,00000,0,+
604bb934e4ed841a35df1d63,b,22.33,11.0,u,g,w,v,2.0,t,t,1,f,g,00080,278,+
604bb934e4ed841a35df1d72,b,28.00,2.0,u,g,k,h,4.165,t,t,2,t,g,00181,0,+
604bb934e4ed841a35df1d76,b,25.08,1.71,u,g,x,v,1.665,t,t,1,t,g,00395,20,+
604bb934e4ed841a35df1d88,b,47.67,0.29,u,g,c,bb,15.0,t,t,20,f,g,00000,15000,+
604bb934e4ed841a35df1da6,b,39.33,5.875,u,g,cc,h,10.0,t,t,14,t,g,00399,0,+
604bb934e4ed841a35df1daf,a,18.92,9.25,y,p,c,v,1.0,t,t,4,t,g,00080,500,+
604bb934e4ed841a35df1dbd,b,27.67,13.75,u,g,w,v,5.75,t,f,0,t,g,00487,500,+
604bb934e4ed841a35df1dcc,?,24.50,12.75,u,g,c,bb,4.75,t,t,2,f,g,00073,444,+
604bb934e4ed841a35df1deb,b,16.25,0.835,u,g,m,v,0.085,t,f,0,f,s,00200,0,-
604bb934e4ed841a35df1dfa,a,16.08,0.335,u,g,ff,ff,0.0,f,t,1,f,g,00160,126,-
604bb934e4ed841a35df1e04,a,24.75,13.665,u,g,q,h,1.5,f,f,0,f,g,00280,1,-
604bb934e4ed841a35df1e1f,a,33.25,2.5,y,p,c,v,2.5,f,f,0,t,g,00000,2,-
604bb934e4ed841a35df1e22,b,34.75,2.5,u,g,cc,bb,0.5,f,f,0,f,g,00348,0,-
604bb934e4ed841a35df1e25,a,34.83,1.25,y,p,i,h,0.5,f,f,0,t,g,00160,0,-
604bb934e4ed841a35df1e2a,b,26.92,2.25,u,g,i,bb,0.5,f,f,0,t,g,00640,4000,-
604bb934e4ed841a35df1e2d,b,62.75,7.0,u,g,e,z,0.0,f,f,0,f,g,00000,12,-
604bb934e4ed841a35df1e31,b,27.83,1.5,u,g,w,v,2.25,f,t,1,t,g,00100,3,-
604bb934e4ed841a35df1e43,b,39.42,1.71,y,p,m,v,0.165,f,f,0,f,s,00400,0,-
604bb934e4ed841a35df1e53,a,56.83,4.25,y,p,ff,ff,5.0,f,f,0,t,g,00000,4,-
604bb934e4ed841a35df1e6c,b,16.00,3.125,u,g,w,v,0.085,f,t,1,f,g,00000,6,-
604bb934e4ed841a35df1e7d,b,24.58,1.25,u,g,c,v,0.25,f,f,0,f,g,00110,0,-
604bb934e4ed841a35df1e8f,b,17.25,3.0,u,g,k,v,0.04,f,f,0,t,g,00160,40,-
604bb934e4ed841a35df1e9e,b,36.17,5.5,u,g,i,bb,5.0,f,f,0,f,g,00210,687,-
604bb934e4ed841a35df1e9f,b,25.67,0.29,y,p,c,v,1.5,f,f,0,t,g,00160,0,-
604bb934e4ed841a35df1ea0,a,24.50,2.415,y,p,c,v,0.0,f,f,0,f,g,00120,0,-
604bb934e4ed841a35df1eb1,b,39.17,2.5,y,p,i,h,10.0,f,f,0,t,s,00200,0,-
604bb934e4ed841a35df1eb6,a,17.33,9.5,u,g,aa,v,1.75,f,t,10,t,g,00000,10,-
604bb934e4ed841a35df1ec4,a,25.00,0.875,u,g,x,h,1.04,t,f,0,t,g,00160,5860,+
604bb934e4ed841a35df1ec6,b,25.75,0.5,u,g,c,v,1.46,t,t,5,t,g,00312,0,+
604bb934e4ed841a35df1ed0,a,30.67,12.0,u,g,c,v,2.0,t,t,1,f,g,00220,19,+
604bb934e4ed841a35df1ee1,b,45.17,1.5,u,g,c,v,2.5,t,f,0,t,g,00140,0,-
604bb934e4ed841a35df1eef,b,80.25,5.5,u,g,?,?,0.54,t,f,0,f,g,00000,340,-
604bb934e4ed841a35df1f08,b,42.17,5.04,u,g,q,h,12.75,t,f,0,t,g,00092,0,+
604bb934e4ed841a35df1f35,b,47.83,4.165,u,g,x,bb,0.085,f,f,0,t,g,00520,0,-
604bb934e4ed841a35df1f4c,a,38.75,1.5,u,g,ff,ff,0.0,f,f,0,f,g,00076,0,-
604bb934e4ed841a35df1f4f,b,18.17,2.46,u,g,c,n,0.96,f,t,2,t,g,00160,587,-
604bb934e4ed841a35df1f66,a,15.75,0.375,u,g,c,v,1.0,f,f,0,f,g,00120,18,-
604bb934e4ed841a35df1f67,a,28.58,3.75,u,g,c,v,0.25,f,t,1,t,g,00040,154,-
604bb934e4ed841a35df1f82,a,22.67,0.75,u,g,c,v,2.0,f,t,2,t,g,00200,394,-
604bb934e4ed841a35df1cd6,a,24.50,0.5,u,g,q,h,1.5,t,f,0,f,g,00280,824,+
604bb934e4ed841a35df1cdc,b,54.42,0.5,y,p,k,h,3.96,t,f,0,f,g,00180,314,+
604bb934e4ed841a35df1cf2,b,29.25,14.79,u,g,aa,v,5.04,t,t,5,t,g,00168,0,+
604bb934e4ed841a35df1cf3,b,42.00,9.79,u,g,x,h,7.96,t,t,8,f,g,00000,0,+
604bb934e4ed841a35df1d14,b,26.67,4.25,u,g,cc,v,4.29,t,t,1,t,g,00120,0,+
604bb934e4ed841a35df1d1b,b,34.83,4.0,u,g,d,bb,12.5,t,f,0,t,g,?,0,-
604bb934e4ed841a35df1d2c,b,34.00,4.5,u,g,aa,v,1.0,t,f,0,t,g,00240,0,-
604bb934e4ed841a35df1d2d,a,49.00,1.5,u,g,j,j,0.0,t,f,0,t,g,00100,27,-
604bb934e4ed841a35df1d49,b,52.50,6.5,u,g,k,v,6.29,t,t,15,f,g,00000,11202,+
604bb934e4ed841a35df1d50,a,23.50,9.0,u,g,q,v,8.5,t,t,5,t,g,00120,0,+
604bb934e4ed841a35df1d5e,a,18.83,9.5,u,g,w,v,1.625,t,t,6,t,g,00040,600,+
604bb934e4ed841a35df1d6f,a,21.67,11.5,y,p,j,j,0.0,t,t,11,t,g,00000,0,+
604bb934e4ed841a35df1d84,b,25.00,12.5,u,g,aa,v,3.0,t,f,0,t,s,00020,0,+
604bb934e4ed841a35df1d85,a,26.08,8.665,u,g,aa,v,1.415,t,f,0,f,g,00160,150,+
604bb934e4ed841a35df1d89,a,21.25,2.335,u,g,i,bb,0.5,t,t,4,f,s,00080,0,+
604bb934e4ed841a35df1d8e,b,40.00,6.5,u,g,aa,bb,3.5,t,t,1,f,g,00000,500,+
604bb934e4ed841a35df1d8f,b,40.58,5.0,u,g,c,v,5.0,t,t,7,f,g,00000,3065,+
604bb934e4ed841a35df1d93,b,42.00,0.205,u,g,i,h,5.125,t,f,0,f,g,00400,0,+
604bb934e4ed841a35df1d9e,b,24.83,2.75,u,g,c,v,2.25,t,t,6,f,g,?,600,+
604bb934e4ed841a35df1dc5,b,48.25,25.085,u,g,w,v,1.75,t,t,3,f,g,00120,14,+
604bb934e4ed841a35df1dcf,b,41.42,5.0,u,g,q,h,5.0,t,t,6,t,g,00470,0,+
604bb934e4ed841a35df1dd6,a,20.75,9.54,u,g,i,v,0.04,f,f,0,f,g,00200,1000,-
604bb934e4ed841a35df1e06,b,23.50,2.75,u,g,ff,ff,4.5,f,f,0,f,g,00160,25,-
604bb934e4ed841a35df1e10,b,21.17,0.25,y,p,c,h,0.25,f,f,0,f,g,00280,204,-
604bb934e4ed841a35df1e13,b,36.75,0.125,y,p,c,v,1.5,f,f,0,t,g,00232,113,+
604bb934e4ed841a35df1e1b,?,40.83,3.5,u,g,i,bb,0.5,f,f,0,f,s,01160,0,-
604bb934e4ed841a35df1e1c,b,34.83,2.5,y,p,w,v,3.0,f,f,0,f,s,00200,0,-
604bb934e4ed841a35df1e24,b,47.33,6.5,u,g,c,v,1.0,f,f,0,t,g,00000,228,-
604bb934e4ed841a35df1e29,b,42.75,4.085,u,g,aa,v,0.04,f,f,0,f,g,00108,100,-
604bb934e4ed841a35df1e35,b,30.75,1.585,u,g,d,v,0.585,f,f,0,t,s,00000,0,-
604bb934e4ed841a35df1e3e,b,26.83,0.54,u,g,k,ff,0.0,f,f,0,f,g,00100,0,-
604bb934e4ed841a35df1e45,b,21.42,0.75,y,p,r,n,0.75,f,f,0,t,g,00132,2,-
604bb934e4ed841a35df1e5c,b,27.42,12.5,u,g,aa,bb,0.25,f,f,0,t,g,00720,0,-
604bb934e4ed841a35df1e74,b,22.50,0.125,y,p,k,v,0.125,f,f,0,f,g,00200,70,-
604bb934e4ed841a35df1e84,b,21.83,1.54,u,g,k,v,0.085,f,f,0,t,g,00356,0,-
604bb934e4ed841a35df1e96,b,?,3.0,y,p,i,bb,7.0,f,f,0,f,g,00000,1,-
604bb934e4ed841a35df1eaf,b,26.75,2.0,u,g,d,v,0.75,f,f,0,t,g,00080,0,-
604bb934e4ed841a35df1eb4,a,16.92,0.5,u,g,i,v,0.165,f,t,6,t,g,00240,35,-
604bb934e4ed841a35df1eb5,b,23.50,3.165,y,p,k,v,0.415,f,t,1,t,g,00280,80,-
604bb934e4ed841a35df1ebd,?,45.33,1.0,u,g,q,v,0.125,f,f,0,t,g,00263,0,-
604bb934e4ed841a35df1ecb,b,28.25,5.125,u,g,x,v,4.75,t,t,2,f,g,00420,7,+
604bb934e4ed841a35df1ed5,b,20.25,9.96,u,g,e,dd,0.0,t,f,0,f,g,00000,0,+
604bb934e4ed841a35df1edf,a,22.50,8.5,u,g,q,v,1.75,t,t,10,f,g,00080,990,-
604bb934e4ed841a35df1ee7,a,24.58,0.67,u,g,aa,h,1.75,t,f,0,f,g,00400,0,-
604bb934e4ed841a35df1ef8,b,33.17,1.0,u,g,x,v,0.75,t,t,7,t,g,00340,4071,+
604bb934e4ed841a35df1f06,b,23.33,1.5,u,g,c,h,1.415,t,f,0,f,g,00422,200,+
604bb934e4ed841a35df1f22,b,30.17,6.5,u,g,cc,v,3.125,t,t,8,f,g,00330,1200,+
604bb934e4ed841a35df1f28,a,46.08,3.0,u,g,c,v,2.375,t,t,8,t,g,00396,4159,+
604bb934e4ed841a35df1f3a,a,38.33,4.415,u,g,c,v,0.125,f,f,0,f,g,00160,0,-
604bb934e4ed841a35df1f3d,b,32.25,14.0,y,p,ff,ff,0.0,f,t,2,f,g,00160,1,-
604bb934e4ed841a35df1f46,b,22.00,7.835,y,p,i,bb,0.165,f,f,0,t,g,?,0,-
604bb934e4ed841a35df1f56,b,31.58,0.75,y,p,aa,v,3.5,f,f,0,t,g,00320,0,-
604bb934e4ed841a35df1f5f,a,15.83,7.625,u,g,q,v,0.125,f,t,1,t,g,00000,160,-
604bb934e4ed841a35df1f7c,b,19.50,0.29,u,g,k,v,0.29,f,f,0,f,g,00280,364,-
604bb934e4ed841a35df1cd5,a,58.67,4.46,u,g,q,h,3.04,t,t,6,f,g,00043,560,+
604bb934e4ed841a35df1ce3,b,36.67,4.415,y,p,k,v,0.25,t,t,10,t,g,00320,0,+
604bb934e4ed841a35df1cf5,a,36.75,5.125,u,g,e,v,5.0,t,f,0,t,g,00000,4000,+
604bb934e4ed841a35df1d28,b,27.25,0.625,u,g,aa,v,0.455,t,f,0,t,g,00200,0,-
604bb934e4ed841a35df1d3b,b,25.00,12.0,u,g,k,v,2.25,t,t,2,t,g,00120,5,-
604bb934e4ed841a35df1d7d,b,37.50,1.125,y,p,d,v,1.5,f,f,0,t,g,00431,0,+
604bb934e4ed841a35df1d86,a,18.42,9.25,u,g,q,v,1.21,t,t,4,f,g,00060,540,+
604bb934e4ed841a35df1d87,b,20.17,8.17,u,g,aa,v,1.96,t,t,14,f,g,00060,158,+
604bb934e4ed841a35df1d95,b,22.67,1.585,y,p,w,v,3.085,t,t,6,f,g,00080,0,+
604bb934e4ed841a35df1d9d,a,41.33,1.0,u,g,i,bb,2.25,t,f,0,t,g,00000,300,+
604bb934e4ed841a35df1dab,b,48.17,3.5,u,g,aa,v,3.5,t,f,0,f,s,00230,0,+
604bb934e4ed841a35df1dad,b,55.92,11.5,u,g,ff,ff,5.0,t,t,5,f,g,00000,8851,+
604bb934e4ed841a35df1db7,a,22.50,8.46,y,p,x,v,2.46,f,f,0,f,g,00164,0,+
604bb934e4ed841a35df1dbe,a,58.42,21.0,u,g,i,bb,10.0,t,t,13,f,g,00000,6700,+
604bb934e4ed841a35df1dea,b,24.58,13.5,y,p,ff,ff,0.0,f,f,0,f,g,?,0,-
604bb934e4ed841a35df1e16,a,33.67,0.375,u,g,cc,v,0.375,f,f,0,f,g,00300,44,+
604bb934e4ed841a35df1e19,a,29.50,1.085,y,p,x,v,1.0,f,f,0,f,g,00280,13,-
604bb934e4ed841a35df1e27,b,28.00,3.0,u,g,w,v,0.75,f,f,0,t,g,00300,67,-
604bb934e4ed841a35df1e33,b,22.17,0.585,y,p,ff,ff,0.0,f,f,0,f,g,00100,0,-
604bb934e4ed841a35df1e3b,a,36.75,4.71,u,g,ff,ff,0.0,f,f,0,f,g,00160,0,-
604bb934e4ed841a35df1e40,b,24.42,2.0,u,g,e,dd,0.165,f,t,2,f,g,00320,1300,-
604bb934e4ed841a35df1e44,a,23.58,11.5,y,p,k,h,3.0,f,f,0,t,g,00020,16,-
604bb934e4ed841a35df1e4c,b,28.67,14.5,u,g,d,v,0.125,f,f,0,f,g,00000,286,-
604bb934e4ed841a35df1e6d,b,17.08,0.25,u,g,q,v,0.335,f,t,4,f,g,00160,8,-
604bb934e4ed841a35df1e7f,b,37.50,0.835,u,g,e,v,0.04,f,f,0,f,g,00120,5,-
604bb934e4ed841a35df1e98,b,36.50,4.25,u,g,q,v,3.5,f,f,0,f,g,00454,50,-
604bb934e4ed841a35df1e9a,b,52.42,1.5,u,g,d,v,3.75,f,f,0,t,g,00000,350,-
604bb934e4ed841a35df1ea3,a,36.58,0.29,u,g,ff,ff,0.0,f,t,10,f,g,00200,18,-
604bb934e4ed841a35df1eb2,b,22.75,11.5,u,g,i,v,0.415,f,f,0,f,g,00000,0,-
604bb934e4ed841a35df1eba,b,28.17,0.125,y,p,k,v,0.085,f,f,0,f,g,00216,2100,-
604bb934e4ed841a35df1ebf,b,24.17,0.875,u,g,q,v,4.625,t,t,2,t,g,00520,2000,+
604bb934e4ed841a35df1ec9,b,39.00,5.0,u,g,cc,v,3.5,t,t,10,t,g,00000,0,+
604bb934e4ed841a35df1ecd,b,31.33,19.5,u,g,c,v,7.0,t,t,16,f,g,00000,5000,+
604bb934e4ed841a35df1eda,a,28.17,0.375,u,g,q,v,0.585,t,t,4,f,g,00080,0,+
604bb934e4ed841a35df1edb,b,39.17,1.71,u,g,x,v,0.125,t,t,5,t,g,00480,0,+
604bb934e4ed841a35df1ee4,a,55.75,7.08,u,g,k,h,6.75,t,t,3,t,g,00100,50,-
604bb934e4ed841a35df1ee6,a,25.33,2.085,u,g,c,h,2.75,t,f,0,t,g,00360,1,-
604bb934e4ed841a35df1f0a,b,23.08,11.5,u,g,w,h,2.125,t,t,11,t,g,00290,284,+
604bb934e4ed841a35df1f0d,a,35.75,0.915,u,g,aa,v,0.75,t,t,4,f,g,00000,1583,+
604bb934e4ed841a35df1f1f,b,51.58,15.0,u,g,c,v,8.5,t,t,9,f,g,00000,0,+
604bb934e4ed841a35df1f25,b,34.17,5.25,u,g,w,v,0.085,f,f,0,t,g,00290,6,+
604bb934e4ed841a35df1f26,b,38.67,0.21,u,g,k,v,0.085,t,f,0,t,g,00280,0,+
604bb934e4ed841a35df1f41,b,22.67,0.165,u,g,c,j,2.25,f,f,0,t,s,00000,0,+
604bb934e4ed841a35df1f51,b,19.50,9.585,u,g,aa,v,0.79,f,f,0,f,g,00080,350,-
604bb934e4ed841a35df1f52,b,28.58,3.625,u,g,aa,v,0.25,f,f,0,t,g,00100,0,-
604bb934e4ed841a35df1f78,a,30.58,10.665,u,g,q,h,0.085,f,t,12,t,g,00129,3,-
604bb934e4ed841a35df1f7d,b,27.83,1.0,y,p,d,h,3.0,f,f,0,f,g,00176,537,-
604bb934e4ed841a35df1cda,b,33.17,1.04,u,g,r,h,6.5,t,f,0,t,g,00164,31285,+
604bb934e4ed841a35df1cfe,b,29.67,1.415,u,g,w,h,0.75,t,t,1,f,g,00240,100,+
604bb934e4ed841a35df1ce1,b,48.08,6.04,u,g,k,v,0.04,f,f,0,f,g,00000,2690,+
604bb934e4ed841a35df1ceb,a,27.42,14.5,u,g,x,h,3.085,t,t,1,f,g,00120,11,+
604bb934e4ed841a35df1cf6,a,22.58,10.75,u,g,q,v,0.415,t,t,5,t,g,00000,560,+
604bb934e4ed841a35df1d0c,b,23.17,0.0,u,g,cc,v,0.085,t,f,0,f,g,00000,0,+
604bb934e4ed841a35df1d0f,b,43.25,3.0,u,g,q,h,6.0,t,t,11,f,g,00080,0,+
604bb934e4ed841a35df1d1e,b,44.83,7.0,y,p,c,v,1.625,f,f,0,f,g,00160,2,-
604bb934e4ed841a35df1d1f,b,20.67,5.29,u,g,q,v,0.375,t,t,1,f,g,00160,0,-
604bb934e4ed841a35df1d4d,b,25.67,12.5,u,g,cc,v,1.21,t,t,67,t,g,00140,258,+
604bb934e4ed841a35df1d55,a,28.42,3.5,u,g,w,v,0.835,t,f,0,f,s,00280,0,+
604bb934e4ed841a35df1d81,a,49.83,13.585,u,g,k,h,8.5,t,f,0,t,g,00000,0,+
604bb934e4ed841a35df1d8a,a,20.67,3.0,u,g,q,v,0.165,t,t,3,f,g,00100,6,+
604bb934e4ed841a35df1d9c,a,24.08,0.5,u,g,q,h,1.25,t,t,1,f,g,00000,678,+
604bb934e4ed841a35df1d9f,a,20.75,10.25,u,g,q,v,0.71,t,t,2,t,g,00049,0,+
604bb934e4ed841a35df1da9,b,23.08,11.5,u,g,i,v,3.5,t,t,9,f,g,00056,742,+
604bb934e4ed841a35df1dae,b,53.92,9.625,u,g,e,v,8.665,t,t,5,f,g,00000,0,+
604bb934e4ed841a35df1dc0,b,26.17,0.25,u,g,i,bb,0.0,t,f,0,t,g,00000,0,+
604bb934e4ed841a35df1dc6,b,28.33,5.0,u,g,w,v,11.0,t,f,0,t,g,00070,0,+
604bb934e4ed841a35df1dd5,b,20.00,0.0,u,g,d,v,0.5,f,f,0,f,g,00144,0,-
604bb934e4ed841a35df1df9,b,35.75,2.415,u,g,w,v,0.125,f,t,2,f,g,00220,1,-
604bb934e4ed841a35df1e05,b,48.75,26.335,y,p,ff,ff,0.0,t,f,0,t,g,00000,0,-
604bb934e4ed841a35df1e0e,b,16.25,0.0,y,p,aa,v,0.25,f,f,0,f,g,00060,0,-
604bb934e4ed841a35df1e23,b,27.67,0.75,u,g,q,h,0.165,f,f,0,t,g,00220,251,-
604bb934e4ed841a35df1e2f,b,26.75,4.5,y,p,c,bb,2.5,f,f,0,f,g,00200,1210,-
604bb934e4ed841a35df1e39,a,19.50,0.165,u,g,q,v,0.04,f,f,0,t,g,00380,0,-
604bb934e4ed841a35df1e76,b,38.42,0.705,u,g,c,v,0.375,f,t,2,f,g,00225,500,-
604bb934e4ed841a35df1e77,a,26.58,2.54,y,p,ff,ff,0.0,f,f,0,t,g,00180,60,-
604bb934e4ed841a35df1e85,b,25.25,1.0,u,g,aa,v,0.5,f,f,0,f,g,00200,0,-
604bb934e4ed841a35df1e8a,a,27.17,1.25,u,g,ff,ff,0.0,f,t,1,f,g,00092,300,-
604bb934e4ed841a35df1e90,a,17.67,0.0,y,p,j,ff,0.0,f,f,0,f,g,00086,0,-
604bb934e4ed841a35df1e95,b,20.00,7.0,u,g,c,v,0.5,f,f,0,f,g,00000,0,-
604bb934e4ed841a35df1e9c,b,34.58,0.0,?,?,?,?,0.0,f,f,0,f,p,?,0,-
604bb934e4ed841a35df1ea2,b,21.92,0.5,u,g,c,v,0.125,f,f,0,f,g,00360,0,-
604bb934e4ed841a35df1eaa,a,21.92,11.665,u,g,k,h,0.085,f,f,0,f,g,00320,5,-
604bb934e4ed841a35df1ec2,a,18.83,4.415,y,p,c,h,3.0,t,f,0,f,g,00240,0,+
604bb934e4ed841a35df1ec8,b,?,4.0,u,g,x,v,5.0,t,t,3,t,g,00290,2279,+
604bb934e4ed841a35df1ed1,b,21.00,4.79,y,p,w,v,2.25,t,t,1,t,g,00080,300,+
604bb934e4ed841a35df1ed2,b,13.75,4.0,y,p,w,v,1.75,t,t,2,t,g,00120,1000,+
604bb934e4ed841a35df1ee8,b,43.17,2.25,u,g,i,bb,0.75,t,f,0,f,g,00560,0,-
604bb934e4ed841a35df1f00,b,29.58,4.5,u,g,w,v,7.5,t,t,2,t,g,00330,0,+
604bb934e4ed841a35df1f1d,b,73.42,17.75,u,g,ff,ff,0.0,t,f,0,t,g,00000,0,+
604bb934e4ed841a35df1f4a,a,22.92,1.25,u,g,q,v,0.25,f,f,0,t,g,00120,809,-
604bb934e4ed841a35df1f4e,a,23.75,0.71,u,g,w,v,0.25,f,t,1,t,g,00240,4,-
604bb934e4ed841a35df1f5d,a,35.17,3.75,u,g,ff,ff,0.0,f,t,6,f,g,00000,200,-
604bb934e4ed841a35df1f6a,a,23.50,1.5,u,g,w,v,0.875,f,f,0,t,g,00160,0,-
604bb934e4ed841a35df1f6e,a,21.75,11.75,u,g,c,v,0.25,f,f,0,t,g,00180,0,-
604bb934e4ed841a35df1f83,a,25.25,13.5,y,p,ff,ff,2.0,f,t,1,t,g,00200,1,-
604bb934e4ed841a35df1d22,b,21.67,1.165,y,p,k,v,2.5,t,t,1,f,g,00180,20,-
604bb934e4ed841a35df1d66,b,23.25,1.5,u,g,q,v,2.375,t,t,3,t,g,00000,582,+
604bb934e4ed841a35df1d6e,b,32.75,1.5,u,g,cc,h,5.5,t,t,3,t,g,00000,0,+
604bb934e4ed841a35df1d7a,b,19.33,9.5,u,g,q,v,1.0,t,f,0,t,g,00060,400,+
604bb934e4ed841a35df1d8b,a,57.08,19.5,u,g,c,v,5.5,t,t,7,f,g,00000,3000,+
604bb934e4ed841a35df1d92,b,21.33,10.5,u,g,c,v,3.0,t,f,0,t,g,00000,0,+
604bb934e4ed841a35df1d94,b,41.75,0.96,u,g,x,v,2.5,t,f,0,f,g,00510,600,+
604bb934e4ed841a35df1d97,b,28.25,5.04,y,p,c,bb,1.5,t,t,8,t,g,00144,7,+
604bb934e4ed841a35df1ddd,b,17.08,0.085,y,p,c,v,0.04,f,f,0,f,g,00140,722,-
604bb934e4ed841a35df1de0,b,59.67,1.54,u,g,q,v,0.125,t,f,0,t,g,00260,0,+
604bb934e4ed841a35df1de3,b,32.33,2.5,u,g,c,v,1.25,f,f,0,t,g,00280,0,-
604bb934e4ed841a35df1e0d,a,18.58,10.0,u,g,d,v,0.415,f,f,0,f,g,00080,42,-
604bb934e4ed841a35df1e37,a,16.00,0.165,u,g,aa,v,1.0,f,t,2,t,g,00320,1,-
604bb934e4ed841a35df1e3a,b,32.42,3.0,u,g,d,v,0.165,f,f,0,t,g,00120,0,-
604bb934e4ed841a35df1e3d,b,23.08,2.5,u,g,ff,ff,0.085,f,f,0,t,g,00100,4208,-
604bb934e4ed841a35df1e4a,?,28.17,0.585,u,g,aa,v,0.04,f,f,0,f,g,00260,1004,-
604bb934e4ed841a35df1e4b,a,20.83,0.5,y,p,e,dd,1.0,f,f,0,f,g,00260,0,-
604bb934e4ed841a35df1e7b,b,26.17,0.835,u,g,cc,v,1.165,f,f,0,f,g,00100,0,-
604bb934e4ed841a35df1e8b,b,25.92,0.875,u,g,k,v,0.375,f,t,2,t,g,00174,3,-
604bb934e4ed841a35df1eac,b,17.42,6.5,u,g,i,v,0.125,f,f,0,f,g,00060,100,-
604bb934e4ed841a35df1eb3,?,26.50,2.71,y,p,?,?,0.085,f,f,0,f,s,00080,0,-
604bb934e4ed841a35df1ebe,a,47.25,0.75,u,g,q,h,2.75,t,t,1,f,g,00333,892,+
604bb934e4ed841a35df1ec0,b,39.25,9.5,u,g,m,v,6.5,t,t,14,f,g,00240,4607,+
604bb934e4ed841a35df1ed8,a,60.92,5.0,u,g,aa,v,4.0,t,t,4,f,g,00000,99,+
604bb934e4ed841a35df1ef1,b,42.75,3.0,u,g,i,bb,1.0,t,f,0,f,g,00000,200,-
604bb934e4ed841a35df1f2d,?,42.25,1.75,y,p,?,?,0.0,f,f,0,t,g,00150,1,-
604bb934e4ed841a35df1f39,b,19.33,10.915,u,g,c,bb,0.585,f,t,2,t,g,00200,7,-
604bb934e4ed841a35df1f3e,b,29.58,4.75,u,g,m,v,2.0,f,t,1,t,g,00460,68,-
604bb934e4ed841a35df1f44,b,21.58,0.79,y,p,cc,v,0.665,f,f,0,f,g,00160,0,-
604bb934e4ed841a35df1f4d,b,32.42,2.165,y,p,k,ff,0.0,f,f,0,f,g,00120,0,-
604bb934e4ed841a35df1f50,b,40.92,0.5,y,p,m,v,0.5,f,f,0,t,g,00130,0,-
604bb934e4ed841a35df1f6d,b,31.83,0.04,y,p,m,v,0.04,f,f,0,f,g,00000,0,-
604bb934e4ed841a35df1f81,b,21.08,10.085,y,p,e,h,1.25,f,f,0,f,g,00260,0,-
604bb934e4ed841a35df1ce2,a,45.83,10.5,u,g,q,v,5.0,t,t,7,t,g,00000,0,+
604bb934e4ed841a35df1ce8,b,25.00,11.25,u,g,c,v,2.5,t,t,17,f,g,00200,1208,+
604bb934e4ed841a35df1cee,a,47.00,13.0,u,g,i,bb,5.165,t,t,9,t,g,00000,0,+
604bb934e4ed841a35df1cf8,b,27.25,1.585,u,g,cc,h,1.835,t,t,12,t,g,00583,713,+
604bb934e4ed841a35df1cfd,b,28.92,15.0,u,g,c,h,5.335,t,t,11,f,g,00000,2283,+
604bb934e4ed841a35df1d07,b,26.00,1.0,u,g,q,v,1.75,t,f,0,t,g,00280,0,+
604bb934e4ed841a35df1d08,b,37.42,2.04,u,g,w,v,0.04,t,f,0,t,g,00400,5800,+
604bb934e4ed841a35df1d2b,b,25.67,2.21,y,p,aa,v,4.0,t,f,0,f,g,00188,0,-
604bb934e4ed841a35df1d44,b,24.58,12.5,u,g,w,v,0.875,t,f,0,t,g,00260,0,-
604bb934e4ed841a35df1d47,a,25.42,1.125,u,g,q,v,1.29,t,t,2,f,g,00200,0,-
604bb934e4ed841a35df1d59,b,36.25,5.0,u,g,c,bb,2.5,t,t,6,f,g,00000,367,+
604bb934e4ed841a35df1d69,a,52.83,15.0,u,g,c,v,5.5,t,t,14,f,g,00000,2200,+
604bb934e4ed841a35df1d71,a,68.67,15.0,u,g,e,z,0.0,t,t,14,f,g,00000,3376,+
604bb934e4ed841a35df1d79,a,40.83,10.0,u,g,q,h,1.75,t,f,0,f,g,00029,837,+
604bb934e4ed841a35df1d7c,b,36.67,3.25,u,g,q,h,9.0,t,f,0,t,g,00102,639,+
604bb934e4ed841a35df1d80,b,56.00,12.5,u,g,k,h,8.0,t,f,0,t,g,00024,2028,+
604bb934e4ed841a35df1d9a,b,27.58,2.04,y,p,aa,v,2.0,t,t,3,t,g,00370,560,+
604bb934e4ed841a35df1da8,b,60.08,14.5,u,g,ff,ff,18.0,t,t,15,t,g,00000,1000,+
604bb934e4ed841a35df1dbb,a,47.42,3.0,u,g,x,v,13.875,t,t,2,t,g,00519,1704,+
604bb934e4ed841a35df1dda,a,48.17,1.335,u,g,i,o,0.335,f,f,0,f,g,00000,120,-
604bb934e4ed841a35df1de5,b,38.25,10.125,y,p,k,v,0.125,f,f,0,f,g,00160,0,-
604bb934e4ed841a35df1def,a,16.50,1.25,u,g,q,v,0.25,f,t,1,f,g,00108,98,-
604bb934e4ed841a35df1df0,b,23.25,12.625,u,g,c,v,0.125,f,t,2,f,g,00000,5552,-
604bb934e4ed841a35df1df1,b,17.58,10.0,u,g,w,h,0.165,f,t,1,f,g,00120,1,-
604bb934e4ed841a35df1e1d,b,?,4.0,y,p,i,v,0.085,f,f,0,t,g,00411,0,-
604bb934e4ed841a35df1e2b,b,33.75,2.75,u,g,i,bb,0.0,f,f,0,f,g,00180,0,-
604bb934e4ed841a35df1e42,a,22.75,6.165,u,g,aa,v,0.165,f,f,0,f,g,00220,1000,-
604bb934e4ed841a35df1e49,b,26.25,1.54,u,g,w,v,0.125,f,f,0,f,g,00100,0,-
604bb934e4ed841a35df1e64,b,20.75,5.085,y,p,j,v,0.29,f,f,0,f,g,00140,184,-
604bb934e4ed841a35df1e78,b,35.00,2.5,u,g,i,v,1.0,f,f,0,t,g,00210,0,-
604bb934e4ed841a35df1e97,b,39.50,1.625,u,g,c,v,1.5,f,f,0,f,g,00000,316,-
604bb934e4ed841a35df1e9d,b,29.67,0.75,y,p,c,v,0.04,f,f,0,f,g,00240,0,-
604bb934e4ed841a35df1eb9,b,74.83,19.0,y,p,ff,ff,0.04,f,t,2,f,g,00000,351,-
604bb934e4ed841a35df1ebb,b,24.50,13.335,y,p,aa,v,0.04,f,f,0,t,g,00120,475,-
604bb934e4ed841a35df1ee2,b,41.58,1.75,u,g,k,v,0.21,t,f,0,f,g,00160,0,-
604bb934e4ed841a35df1eec,a,24.92,1.25,u,g,ff,ff,0.0,t,f,0,f,g,00080,0,-
604bb934e4ed841a35df1efd,b,38.58,3.335,u,g,w,v,4.0,t,t,14,f,g,00383,1344,+
604bb934e4ed841a35df1f03,a,22.83,2.29,u,g,q,h,2.29,t,t,7,t,g,00140,2384,+
604bb934e4ed841a35df1f07,b,24.42,12.335,u,g,q,h,1.585,t,f,0,t,g,00120,0,+
604bb934e4ed841a35df1f13,b,32.25,0.165,y,p,c,h,3.25,t,t,1,t,g,00432,8000,+
604bb934e4ed841a35df1f21,b,25.33,0.58,u,g,c,v,0.29,t,t,7,t,g,00096,5124,+
604bb934e4ed841a35df1f30,b,23.42,0.585,u,g,c,h,0.085,t,f,0,f,g,00180,0,-
604bb934e4ed841a35df1f38,b,22.00,0.79,u,g,w,v,0.29,f,t,1,f,g,00420,283,-
604bb934e4ed841a35df1f54,b,34.17,2.75,u,g,i,bb,2.5,f,f,0,t,g,00232,200,-
604bb934e4ed841a35df1f65,a,38.92,1.665,u,g,aa,v,0.25,f,f,0,f,g,00000,390,-
604bb934e4ed841a35df1f73,b,25.83,12.835,u,g,cc,v,0.5,f,f,0,f,g,00000,2,-
604bb934e4ed841a35df1f79,b,19.42,7.25,u,g,m,v,0.04,f,t,1,f,g,00100,1,-
604bb934e4ed841a35df1cef,b,56.58,18.5,u,g,d,bb,15.0,t,t,17,t,g,00000,0,+
604bb934e4ed841a35df1d00,b,56.42,28.0,y,p,c,v,28.5,t,t,40,f,g,00000,15,+
604bb934e4ed841a35df1d02,a,41.00,2.04,y,p,q,h,0.125,t,t,23,t,g,00455,1236,+
604bb934e4ed841a35df1d20,b,34.08,6.5,u,g,aa,v,0.125,t,f,0,t,g,00443,0,-
604bb934e4ed841a35df1d24,b,49.58,19.0,u,g,ff,ff,0.0,t,t,1,f,g,00094,0,-
604bb934e4ed841a35df1d3a,b,18.67,5.0,u,g,q,v,0.375,t,t,2,f,g,00000,38,-
604bb934e4ed841a35df1d4a,b,57.83,7.04,u,g,m,v,14.0,t,t,6,t,g,00360,1332,+
604bb934e4ed841a35df1d4b,a,20.75,10.335,u,g,cc,h,0.335,t,t,1,t,g,00080,50,+
604bb934e4ed841a35df1d51,b,34.92,5.0,u,g,x,h,7.5,t,t,6,t,g,00000,1000,+
604bb934e4ed841a35df1d57,b,20.42,1.835,u,g,c,v,2.25,t,t,1,f,g,00100,150,+
604bb934e4ed841a35df1d64,b,27.25,1.665,u,g,cc,h,5.085,t,t,9,f,g,00399,827,+
604bb934e4ed841a35df1d6d,b,23.08,2.5,u,g,c,v,1.085,t,t,11,t,g,00060,2184,+
604bb934e4ed841a35df1d8c,a,22.42,5.665,u,g,q,v,2.585,t,t,7,f,g,00129,3257,+
604bb934e4ed841a35df1dc9,b,33.17,3.04,y,p,c,h,2.04,t,t,1,t,g,00180,18027,+
604bb934e4ed841a35df1dd4,b,20.00,11.045,u,g,c,v,2.0,f,f,0,t,g,00136,0,-
604bb934e4ed841a35df1ddc,b,50.75,0.585,u,g,ff,ff,0.0,f,f,0,f,g,00145,0,-
604bb934e4ed841a35df1ded,b,23.92,0.585,y,p,cc,h,0.125,f,f,0,f,g,00240,1,-
604bb934e4ed841a35df1dee,b,17.67,4.46,u,g,c,v,0.25,f,f,0,f,s,00080,0,-
604bb934e4ed841a35df1dfb,a,31.92,3.125,u,g,ff,ff,3.04,f,t,2,t,g,00200,4,-
604bb934e4ed841a35df1e01,b,18.25,0.165,u,g,d,v,0.25,f,f,0,t,s,00280,0,-
604bb934e4ed841a35df1e03,a,15.92,2.875,u,g,q,v,0.085,f,f,0,f,g,00120,0,-
604bb934e4ed841a35df1e07,b,18.58,10.29,u,g,ff,ff,0.415,f,f,0,f,g,00080,0,-
604bb934e4ed841a35df1e08,b,27.75,1.29,u,g,k,h,0.25,f,f,0,t,s,00140,0,-
604bb934e4ed841a35df1e1e,b,20.42,0.0,?,?,?,?,0.0,f,f,0,f,p,?,0,-
604bb934e4ed841a35df1e34,b,22.50,11.5,y,p,m,v,1.5,f,f,0,t,g,00000,4000,-
604bb934e4ed841a35df1e6b,a,19.58,0.665,y,p,c,v,1.0,f,t,1,f,g,02000,2,-
604bb934e4ed841a35df1e99,?,29.75,0.665,u,g,w,v,0.25,f,f,0,t,g,00300,0,-
604bb934e4ed841a35df1e9b,b,36.17,18.125,u,g,w,v,0.085,f,f,0,f,g,00320,3552,-
604bb934e4ed841a35df1ea4,a,23.00,1.835,u,g,j,j,0.0,f,t,1,f,g,00200,53,-
604bb934e4ed841a35df1eb8,b,34.67,1.08,u,g,m,v,1.165,f,f,0,f,s,00028,0,-
604bb934e4ed841a35df1ee3,a,57.08,0.335,u,g,i,bb,1.0,t,f,0,t,g,00252,2197,-
604bb934e4ed841a35df1eff,b,41.92,0.42,u,g,c,h,0.21,t,t,6,f,g,00220,948,+
604bb934e4ed841a35df1f18,b,31.67,0.83,u,g,x,v,1.335,t,t,8,t,g,00303,3290,+
604bb934e4ed841a35df1f19,b,41.00,0.04,u,g,e,v,0.04,f,t,1,f,s,00560,0,+
604bb934e4ed841a35df1f24,b,23.17,0.0,?,?,?,?,0.0,f,f,0,f,p,?,0,+
604bb934e4ed841a35df1f5b,b,24.08,9.0,u,g,aa,v,0.25,f,f,0,t,g,00000,0,-
604bb934e4ed841a35df1f5e,b,48.08,3.75,u,g,i,bb,1.0,f,f,0,f,g,00100,2,-
604bb934e4ed841a35df1f6f,a,17.92,0.54,u,g,c,v,1.75,f,t,1,t,g,00080,5,-
604bb934e4ed841a35df1f70,b,30.33,0.5,u,g,d,h,0.085,f,f,0,t,s,00252,0,-
604bb934e4ed841a35df1f75,?,29.50,2.0,y,p,e,h,2.0,f,f,0,f,g,00256,17,-
604bb934e4ed841a35df1f7b,a,20.08,1.25,u,g,c,v,0.0,f,f,0,f,g,00000,0,-
604bb934e4ed841a35df1cd4,b,30.83,0.0,u,g,w,v,1.25,t,t,1,f,g,00202,0,+
604bb934e4ed841a35df1cdb,a,22.92,11.585,u,g,cc,v,0.04,t,f,0,f,g,00080,1349,+
604bb934e4ed841a35df1cf1,b,42.08,1.04,u,g,w,v,5.0,t,t,6,t,g,00500,10000,+
604bb934e4ed841a35df1d0a,b,34.25,3.0,u,g,cc,h,7.415,t,f,0,t,g,00000,0,+
604bb934e4ed841a35df1d0b,b,23.33,11.625,y,p,w,v,0.835,t,f,0,t,g,00160,300,+
604bb934e4ed841a35df1d25,a,27.67,1.5,u,g,m,v,2.0,t,f,0,f,s,00368,0,-
604bb934e4ed841a35df1d2f,b,31.42,15.5,u,g,c,v,0.5,t,f,0,f,g,00120,0,-
604bb934e4ed841a35df1d34,b,23.00,0.625,y,p,aa,v,0.125,t,f,0,f,g,00180,1,-
604bb934e4ed841a35df1d78,a,60.58,16.5,u,g,q,v,11.0,t,f,0,t,g,00021,10561,+
604bb934e4ed841a35df1d7f,b,41.33,0.0,u,g,c,bb,15.0,t,f,0,f,g,00000,0,+
604bb934e4ed841a35df1db1,b,65.42,11.0,u,g,e,z,20.0,t,t,7,t,g,00022,0,+
604bb934e4ed841a35df1dc4,b,20.50,10.0,y,p,c,v,2.5,t,f,0,f,s,00040,0,+
604bb934e4ed841a35df1dcb,a,19.67,0.21,u,g,q,h,0.29,t,t,11,f,g,00080,99,+
604bb934e4ed841a35df1dce,b,40.25,21.5,u,g,e,z,20.0,t,t,11,f,g,00000,1200,+
604bb934e4ed841a35df1ddb,a,20.42,10.5,y,p,x,h,0.0,f,f,0,t,g,00154,32,-
604bb934e4ed841a35df1de2,b,37.58,0.0,?,?,?,?,0.0,f,f,0,f,p,?,0,+
604bb934e4ed841a35df1df5,a,21.75,1.75,y,p,j,j,0.0,f,f,0,f,g,00160,0,-
604bb934e4ed841a35df1df6,b,23.00,0.75,u,g,m,v,0.5,f,f,0,t,s,00320,0,-
604bb934e4ed841a35df1df8,b,25.42,0.54,u,g,w,v,0.165,f,t,1,f,g,00272,444,-
604bb934e4ed841a35df1dfd,b,32.92,2.5,u,g,aa,v,1.75,f,t,2,t,g,00720,0,-
604bb934e4ed841a35df1e0c,a,16.33,0.21,u,g,aa,v,0.125,f,f,0,f,g,00200,1,-
604bb934e4ed841a35df1e47,b,26.33,13.0,u,g,e,dd,0.0,f,f,0,t,g,00140,1110,-
604bb934e4ed841a35df1e5a,b,15.17,7.0,u,g,e,v,1.0,f,f,0,f,g,00600,0,-
604bb934e4ed841a35df1e67,a,22.67,0.335,u,g,q,v,0.75,f,f,0,f,s,00160,0,-
604bb934e4ed841a35df1e6f,b,25.17,3.0,u,g,c,v,1.25,f,t,1,f,g,00000,22,-
604bb934e4ed841a35df1e70,a,22.67,0.79,u,g,i,v,0.085,f,f,0,f,g,00144,0,-
604bb934e4ed841a35df1eae,b,20.67,0.415,u,g,c,v,0.125,f,f,0,f,g,00000,44,-
604bb934e4ed841a35df1ede,b,22.83,3.0,u,g,m,v,1.29,t,t,1,f,g,00260,800,+
604bb934e4ed841a35df1ee5,b,43.25,25.21,u,g,q,h,0.21,t,t,1,f,g,00760,90,-
604bb934e4ed841a35df1f14,b,30.17,0.5,u,g,c,v,1.75,t,t,11,f,g,00032,540,+
604bb934e4ed841a35df1f17,b,39.08,6.0,u,g,m,v,1.29,t,t,5,t,g,00108,1097,+
604bb934e4ed841a35df1f2e,b,29.83,1.25,y,p,k,v,0.25,f,f,0,f,g,00224,0,-
604bb934e4ed841a35df1f3c,b,22.67,0.75,u,g,i,v,1.585,f,t,1,t,g,00400,9,-
604bb934e4ed841a35df1f61,b,21.50,11.5,u,g,i,v,0.5,t,f,0,t,g,00100,68,-
604bb934e4ed841a35df1f64,b,25.67,3.25,u,g,c,h,2.29,f,t,1,t,g,00416,21,-
604bb934e4ed841a35df1f71,b,51.83,2.04,y,p,ff,ff,1.5,f,f,0,f,g,00120,1,-
604bb934e4ed841a35df1ce7,a,19.17,8.585,u,g,cc,h,0.75,t,t,7,f,g,00096,0,+
604bb934e4ed841a35df1cf0,b,57.42,8.5,u,g,e,h,7.0,t,t,3,f,g,00000,0,+
604bb934e4ed841a35df1d03,b,31.92,4.46,u,g,cc,h,6.04,t,t,3,f,g,00311,300,+
604bb934e4ed841a35df1d15,b,34.17,1.54,u,g,cc,v,1.54,t,t,1,t,g,00520,50000,+
604bb934e4ed841a35df1d17,b,25.50,0.375,u,g,m,v,0.25,t,t,3,f,g,00260,15108,+
604bb934e4ed841a35df1d18,b,19.42,6.5,u,g,w,h,1.46,t,t,7,f,g,00080,2954,+
604bb934e4ed841a35df1d1d,b,44.25,0.5,u,g,m,v,10.75,t,f,0,f,s,00400,0,-
604bb934e4ed841a35df1d33,a,28.58,3.54,u,g,i,bb,0.5,t,f,0,t,g,00171,0,-
604bb934e4ed841a35df1d35,b,?,0.5,u,g,c,bb,0.835,t,f,0,t,s,00320,0,-
604bb934e4ed841a35df1d43,a,24.50,1.04,y,p,ff,ff,0.5,t,t,3,f,g,00180,147,-
604bb934e4ed841a35df1d4c,b,39.92,6.21,u,g,q,v,0.04,t,t,1,f,g,00200,300,+
604bb934e4ed841a35df1d54,b,34.42,4.25,u,g,i,bb,3.25,t,t,2,f,g,00274,610,+
604bb934e4ed841a35df1d6a,a,46.67,0.46,u,g,cc,h,0.415,t,t,11,t,g,00440,6,+
604bb934e4ed841a35df1d73,b,34.08,0.08,y,p,m,bb,0.04,t,t,1,t,g,00280,2000,+
604bb934e4ed841a35df1d77,b,32.00,1.75,y,p,e,h,0.04,t,f,0,t,g,00393,0,+
604bb934e4ed841a35df1d91,a,33.08,4.625,u,g,q,h,1.625,t,t,2,f,g,00000,0,+
604bb934e4ed841a35df1da2,a,71.58,0.0,?,?,?,?,0.0,f,f,0,f,p,?,0,+
604bb934e4ed841a35df1dba,b,25.17,3.5,u,g,cc,v,0.625,t,t,7,f,g,00000,7059,+
604bb934e4ed841a35df1dec,b,21.17,0.875,y,p,c,h,0.25,f,f,0,f,g,00280,204,-
604bb934e4ed841a35df1e17,b,48.58,0.205,y,p,k,v,0.25,t,t,11,f,g,00380,2732,+
604bb934e4ed841a35df1e21,a,25.25,12.5,u,g,d,v,1.0,f,f,0,t,g,00180,1062,-
604bb934e4ed841a35df1e4f,b,33.58,0.25,u,g,i,bb,4.0,f,f,0,t,s,00420,0,-
604bb934e4ed841a35df1e5b,b,39.92,5.0,u,g,i,bb,0.21,f,f,0,f,g,00550,0,-
604bb934e4ed841a35df1e62,b,26.17,12.5,y,p,k,h,1.25,f,f,0,t,g,00000,17,-
604bb934e4ed841a35df1e71,b,40.58,1.5,u,g,i,bb,0.0,f,f,0,f,s,00300,0,-
604bb934e4ed841a35df1e7a,b,29.42,1.25,u,g,w,v,1.75,f,f,0,f,g,00200,0,-
604bb934e4ed841a35df1e80,b,49.17,2.29,u,g,ff,ff,0.29,f,f,0,f,g,00200,3,-
604bb934e4ed841a35df1e88,b,19.58,0.585,u,g,ff,ff,0.0,f,t,3,f,g,00350,769,-
604bb934e4ed841a35df1e94,b,31.25,1.125,u,g,ff,ff,0.0,f,t,1,f,g,00096,19,-
604bb934e4ed841a35df1ebc,b,18.83,3.54,y,p,ff,ff,0.0,f,f,0,t,g,00180,1,-
604bb934e4ed841a35df1ec5,b,20.17,9.25,u,g,c,v,1.665,t,t,3,t,g,00040,28,+
604bb934e4ed841a35df1ed3,a,46.00,4.0,u,g,j,j,0.0,t,f,0,f,g,00100,960,+
604bb934e4ed841a35df1edc,?,20.42,7.5,u,g,k,v,1.5,t,t,1,f,g,00160,234,+
604bb934e4ed841a35df1eee,b,34.25,1.75,u,g,w,bb,0.25,t,f,0,t,g,00163,0,-
604bb934e4ed841a35df1f10,b,21.92,0.54,y,p,x,v,0.04,t,t,1,t,g,00840,59,+
604bb934e4ed841a35df1f11,a,65.17,14.0,u,g,ff,ff,0.0,t,t,11,t,g,00000,1400,+
604bb934e4ed841a35df1f1c,a,28.08,15.0,y,p,e,z,0.0,t,f,0,f,g,00000,13212,+
604bb934e4ed841a35df1f23,b,27.00,0.75,u,g,c,h,4.25,t,t,3,t,g,00312,150,+
604bb934e4ed841a35df1f29,a,21.50,6.0,u,g,aa,v,2.5,t,t,3,f,g,00080,918,+
604bb934e4ed841a35df1f2c,a,29.50,0.46,u,g,k,v,0.54,t,t,4,f,g,00380,500,+
604bb934e4ed841a35df1f45,b,23.75,12.0,u,g,c,v,2.085,f,f,0,f,s,00080,0,-
604bb934e4ed841a35df1cf9,a,23.00,11.75,u,g,x,h,0.5,t,t,2,t,g,00300,551,+
604bb934e4ed841a35df1ce5,a,23.25,5.875,u,g,q,v,3.17,t,t,10,f,g,00120,245,+
604bb934e4ed841a35df1d01,b,54.33,6.75,u,g,c,h,2.625,t,t,11,t,g,00000,284,+
604bb934e4ed841a35df1d37,a,28.50,1.0,u,g,q,v,1.0,t,t,2,t,g,00167,500,-
604bb934e4ed841a35df1d3d,b,54.83,15.5,u,g,e,z,0.0,t,t,20,f,g,00152,130,-
604bb934e4ed841a35df1d42,b,29.17,3.5,u,g,w,v,3.5,t,t,3,t,g,00329,0,-
604bb934e4ed841a35df1d52,b,47.67,2.5,u,g,m,bb,2.5,t,t,12,t,g,00410,2510,+
604bb934e4ed841a35df1d65,b,32.83,2.5,u,g,cc,h,2.75,t,t,6,f,g,00160,2072,+
604bb934e4ed841a35df1d6c,b,37.33,6.5,u,g,m,h,4.25,t,t,12,t,g,00093,0,+
604bb934e4ed841a35df1d70,a,28.50,3.04,y,p,x,h,2.54,t,t,1,f,g,00070,0,+
604bb934e4ed841a35df1d96,b,34.50,4.04,y,p,i,bb,8.5,t,t,7,t,g,00195,0,+
604bb934e4ed841a35df1da1,a,35.42,12.0,u,g,q,h,14.0,t,t,8,f,g,00000,6590,+
604bb934e4ed841a35df1da3,b,28.67,9.335,u,g,q,h,5.665,t,t,6,f,g,00381,168,+
604bb934e4ed841a35df1da7,b,24.33,6.625,y,p,d,v,5.5,t,f,0,t,s,00100,0,+
604bb934e4ed841a35df1db0,a,50.08,12.54,u,g,aa,v,2.29,t,t,3,t,g,00156,0,+
604bb934e4ed841a35df1db2,a,17.58,9.0,u,g,aa,v,1.375,t,f,0,t,g,00000,0,+
604bb934e4ed841a35df1db5,b,23.25,4.0,u,g,c,bb,0.25,t,f,0,t,g,00160,0,+
604bb934e4ed841a35df1dc7,a,18.75,7.5,u,g,q,v,2.71,t,t,5,f,g,?,26726,+
604bb934e4ed841a35df1dc8,b,18.50,2.0,u,g,i,v,1.5,t,t,2,f,g,00120,300,+
604bb934e4ed841a35df1dcd,b,21.83,11.0,u,g,x,v,0.29,t,t,6,f,g,00121,0,+
604bb934e4ed841a35df1dd3,b,18.17,10.25,u,g,c,h,1.085,f,f,0,f,g,00320,13,-
604bb934e4ed841a35df1df4,b,18.83,0.415,y,p,c,v,0.165,f,t,1,f,g,00200,1,-
604bb934e4ed841a35df1df7,a,18.25,10.0,u,g,w,v,1.0,f,t,1,f,g,00120,1,-
604bb934e4ed841a35df1e36,b,36.67,2.0,u,g,i,v,0.25,f,f,0,t,g,00221,0,-
604bb934e4ed841a35df1e55,b,34.00,5.5,y,p,c,v,1.5,f,f,0,t,g,00060,0,-
604bb934e4ed841a35df1e58,b,26.67,14.585,u,g,i,bb,0.0,f,f,0,t,g,00178,0,-
604bb934e4ed841a35df1e93,a,27.33,1.665,u,g,ff,ff,0.0,f,f,0,f,g,00340,1,-
604bb934e4ed841a35df1eab,b,21.08,4.125,y,p,i,h,0.04,f,f,0,f,g,00140,100,-
604bb934e4ed841a35df1eb0,b,23.58,0.835,u,g,i,h,0.085,f,f,0,t,g,00220,5,-
604bb934e4ed841a35df1ed9,b,16.08,0.75,u,g,c,v,1.75,t,t,5,t,g,00352,690,+
604bb934e4ed841a35df1ef0,b,19.42,1.5,y,p,cc,v,2.0,t,f,0,t,g,00100,20,-
604bb934e4ed841a35df1ef2,b,19.67,10.0,y,p,k,h,0.835,t,f,0,t,g,00140,0,-
604bb934e4ed841a35df1ef7,b,23.92,1.5,u,g,d,h,1.875,t,t,6,f,g,00200,327,+
604bb934e4ed841a35df1ef9,b,48.33,12.0,u,g,m,v,16.0,t,f,0,f,s,00110,0,+
604bb934e4ed841a35df1efc,b,34.75,15.0,u,g,r,n,5.375,t,t,9,t,g,00000,134,+
604bb934e4ed841a35df1f02,b,51.42,0.04,u,g,x,h,0.04,t,f,0,f,g,00000,3000,+
604bb934e4ed841a35df1f04,a,25.00,12.33,u,g,cc,h,3.5,t,t,6,f,g,00400,458,+
604bb934e4ed841a35df1f0c,b,43.08,0.375,y,p,c,v,0.375,t,t,8,t,g,00300,162,+
604bb934e4ed841a35df1f16,b,39.17,1.625,u,g,c,v,1.5,t,t,10,f,g,00186,4700,+
604bb934e4ed841a35df1f1b,b,32.67,9.0,y,p,w,h,5.25,t,f,0,t,g,00154,0,+
604bb934e4ed841a35df1f32,b,16.17,0.04,u,g,c,v,0.04,f,f,0,f,g,00000,0,+
604bb934e4ed841a35df1f36,b,20.00,1.25,y,p,k,v,0.125,f,f,0,f,g,00140,4,-
604bb934e4ed841a35df1f3f,b,18.42,10.415,y,p,aa,v,0.125,t,f,0,f,g,00120,375,-
604bb934e4ed841a35df1f4b,a,27.25,0.29,u,g,m,h,0.125,f,t,1,t,g,00272,108,-
604bb934e4ed841a35df1f53,b,35.58,0.75,u,g,k,v,1.5,f,f,0,t,g,00231,0,-
604bb934e4ed841a35df1f60,a,22.50,0.415,u,g,i,v,0.335,f,f,0,t,s,00144,0,-
604bb934e4ed841a35df1f62,a,23.58,0.83,u,g,q,v,0.415,f,t,1,t,g,00200,11,-
604bb934e4ed841a35df1f68,b,22.25,9.0,u,g,aa,v,0.085,f,f,0,f,g,00000,0,-
604bb934e4ed841a35df1f7f,b,36.42,0.75,y,p,d,v,0.585,f,f,0,f,g,00240,3,-
604bb934e4ed841a35df1ce6,b,21.83,0.25,u,g,d,h,0.665,t,f,0,t,g,00000,0,+
604bb934e4ed841a35df1ce9,b,23.25,1.0,u,g,c,v,0.835,t,f,0,f,s,00300,0,+
604bb934e4ed841a35df1cec,a,41.17,6.5,u,g,q,v,0.5,t,t,3,t,g,00145,0,+
604bb934e4ed841a35df1d11,b,31.67,16.165,u,g,d,v,3.0,t,t,9,f,g,00250,730,+
604bb934e4ed841a35df1d12,a,23.42,0.79,y,p,q,v,1.5,t,t,2,t,g,00080,400,+
604bb934e4ed841a35df1d19,b,35.17,25.125,u,g,x,h,1.625,t,t,1,t,g,00515,500,+
604bb934e4ed841a35df1d23,b,21.50,9.75,u,g,c,v,0.25,t,f,0,f,g,00140,0,-
604bb934e4ed841a35df1d46,b,20.67,1.25,y,p,c,h,1.375,t,t,3,t,g,00140,210,-
604bb934e4ed841a35df1d5c,b,39.92,0.54,y,p,aa,v,0.5,t,t,3,f,g,00200,1000,+
604bb934e4ed841a35df1d5f,a,26.92,13.5,u,g,q,h,5.0,t,t,2,f,g,00000,5000,+
604bb934e4ed841a35df1d62,b,43.00,0.29,y,p,cc,h,1.75,t,t,8,f,g,00100,375,+
604bb934e4ed841a35df1d75,b,44.00,2.0,u,g,m,v,1.75,t,t,2,t,g,00000,15,+
604bb934e4ed841a35df1d98,b,33.17,3.165,y,p,x,v,3.165,t,t,3,t,g,00380,0,+
604bb934e4ed841a35df1daa,b,26.67,2.71,y,p,cc,v,5.25,t,t,1,f,g,00211,0,+
604bb934e4ed841a35df1dac,b,41.17,4.04,u,g,cc,h,7.0,t,t,8,f,g,00320,0,+
604bb934e4ed841a35df1db4,a,37.75,5.5,u,g,q,v,0.125,t,f,0,t,g,00228,0,+
604bb934e4ed841a35df1db6,b,18.08,5.5,u,g,k,v,0.5,t,f,0,f,g,00080,0,+
604bb934e4ed841a35df1dd8,b,32.75,2.335,u,g,d,h,5.75,f,f,0,t,g,00292,0,-
604bb934e4ed841a35df1e00,a,57.58,2.0,u,g,ff,ff,6.5,f,t,1,f,g,00000,10,-
604bb934e4ed841a35df1e0b,b,19.00,1.75,y,p,c,v,2.335,f,f,0,t,g,00112,6,-
604bb934e4ed841a35df1e14,b,21.25,1.5,u,g,w,v,1.5,f,f,0,f,g,00150,8,+
604bb934e4ed841a35df1e30,b,63.33,0.54,u,g,c,v,0.585,t,t,3,t,g,00180,0,-
604bb934e4ed841a35df1e56,b,22.58,1.5,y,p,aa,v,0.54,f,f,0,t,g,00120,67,-
604bb934e4ed841a35df1e59,b,22.92,0.17,u,g,m,v,0.085,f,f,0,f,s,00000,0,-
604bb934e4ed841a35df1e5f,a,33.08,1.625,u,g,d,v,0.54,f,f,0,t,g,00000,0,-
604bb934e4ed841a35df1e61,a,23.58,0.585,y,p,ff,ff,0.125,f,f,0,f,g,00120,87,-
604bb934e4ed841a35df1e6a,a,40.33,8.125,y,p,k,v,0.165,f,t,2,f,g,?,18,-
604bb934e4ed841a35df1e72,b,22.25,0.46,u,g,k,v,0.125,f,f,0,t,g,00280,55,-
604bb934e4ed841a35df1e7e,a,27.67,2.04,u,g,w,v,0.25,f,f,0,t,g,00180,50,-
604bb934e4ed841a35df1e83,b,22.92,3.165,y,p,c,v,0.165,f,f,0,f,g,00160,1058,-
604bb934e4ed841a35df1e92,b,16.50,0.125,u,g,c,v,0.165,f,f,0,f,g,00132,0,-
604bb934e4ed841a35df1ea5,a,27.58,3.0,u,g,m,v,2.79,f,t,1,t,g,00280,10,-
604bb934e4ed841a35df1f1a,b,48.50,4.25,u,g,m,v,0.125,t,f,0,t,g,00225,0,+
604bb934e4ed841a35df1f2a,?,20.08,0.125,u,g,q,v,1.0,f,t,1,f,g,00240,768,+
604bb934e4ed841a35df1f55,?,33.17,2.25,y,p,cc,v,3.5,f,f,0,t,g,00200,141,-
604bb934e4ed841a35df1f5a,a,20.83,8.5,u,g,c,v,0.165,f,f,0,f,g,00000,351,-
604bb934e4ed841a35df1f63,a,21.08,5.0,y,p,ff,ff,0.0,f,f,0,f,g,00000,0,-
604bb934e4ed841a35df1f74,a,50.25,0.835,u,g,aa,v,0.5,f,f,0,t,g,00240,117,-
604bb934e4ed841a35df1f7e,b,17.08,3.29,u,g,i,v,0.335,f,f,0,t,g,00140,2,-
604bb934e4ed841a35df1cd8,b,20.17,5.625,u,g,w,v,1.71,t,f,0,f,s,00120,0,+
604bb934e4ed841a35df1cde,b,22.08,0.83,u,g,c,h,2.165,f,f,0,t,g,00128,0,+
604bb934e4ed841a35df1cf7,b,27.83,1.5,u,g,w,v,2.0,t,t,11,t,g,00434,35,+
604bb934e4ed841a35df1d04,b,41.50,1.54,u,g,i,bb,3.5,f,f,0,f,g,00216,0,+
604bb934e4ed841a35df1d05,b,23.92,0.665,u,g,c,v,0.165,f,f,0,f,g,00100,0,+
604bb934e4ed841a35df1d0d,b,44.33,0.5,u,g,i,h,5.0,t,f,0,t,g,00320,0,+
604bb934e4ed841a35df1d13,a,20.42,0.835,u,g,q,v,1.585,t,t,1,f,g,00000,0,+
604bb934e4ed841a35df1d38,b,37.50,1.75,y,p,c,bb,0.25,t,f,0,t,g,00164,400,-
604bb934e4ed841a35df1d40,b,40.92,2.25,y,p,x,h,10.0,t,f,0,t,g,00176,0,-
604bb934e4ed841a35df1d4f,a,44.17,6.665,u,g,q,v,7.375,t,t,3,t,g,00000,0,+
604bb934e4ed841a35df1d5d,b,33.58,2.75,u,g,m,v,4.25,t,t,6,f,g,00204,0,+
604bb934e4ed841a35df1d60,a,31.25,3.75,u,g,cc,h,0.625,t,t,9,t,g,00181,0,+
604bb934e4ed841a35df1d67,a,40.33,7.54,y,p,q,h,8.0,t,t,14,f,g,00000,2300,+
604bb934e4ed841a35df1d6b,a,58.33,10.0,u,g,q,v,4.0,t,t,14,f,g,00000,1602,+
604bb934e4ed841a35df1d82,b,22.67,10.5,u,g,q,h,1.335,t,f,0,f,g,00100,0,+
604bb934e4ed841a35df1d99,b,48.17,7.625,u,g,w,h,15.5,t,t,12,f,g,00000,790,+
604bb934e4ed841a35df1d9b,b,22.58,10.04,u,g,x,v,0.04,t,t,9,f,g,00060,396,+
604bb934e4ed841a35df1db9,b,22.08,11.0,u,g,cc,v,0.665,t,f,0,f,g,00100,0,+
604bb934e4ed841a35df1ddf,a,32.00,6.0,u,g,d,v,1.25,f,f,0,f,g,00272,0,-
604bb934e4ed841a35df1de4,b,18.08,6.75,y,p,m,v,0.04,f,f,0,f,g,00140,0,-
604bb934e4ed841a35df1de7,b,18.58,5.71,u,g,d,v,0.54,f,f,0,f,g,00120,0,-
604bb934e4ed841a35df1de8,a,19.17,5.415,u,g,i,h,0.29,f,f,0,f,g,00080,484,-
604bb934e4ed841a35df1e12,b,19.17,0.0,y,p,m,bb,0.0,f,f,0,t,s,00500,1,+
604bb934e4ed841a35df1e18,b,33.67,1.25,u,g,w,v,1.165,f,f,0,f,g,00120,0,-
604bb934e4ed841a35df1e28,a,39.08,4.0,u,g,c,v,3.0,f,f,0,f,g,00480,0,-
604bb934e4ed841a35df1e2c,b,38.92,1.75,u,g,k,v,0.5,f,f,0,t,g,00300,2,-
604bb934e4ed841a35df1e3c,a,30.25,5.5,u,g,k,v,5.5,f,f,0,t,s,00100,0,-
604bb934e4ed841a35df1e51,a,22.67,7.0,u,g,c,v,0.165,f,f,0,f,g,00160,0,-
604bb934e4ed841a35df1e5e,b,41.17,1.25,y,p,w,v,0.25,f,f,0,f,g,00000,195,-
604bb934e4ed841a35df1e60,b,29.83,2.04,y,p,x,h,0.04,f,f,0,f,g,00128,1,-
604bb934e4ed841a35df1e75,b,23.58,1.79,u,g,c,v,0.54,f,f,0,t,g,00136,1,-
604bb934e4ed841a35df1e79,b,20.42,1.085,u,g,q,v,1.5,f,f,0,f,g,00108,7,-
604bb934e4ed841a35df1e81,b,33.58,0.335,y,p,cc,v,0.085,f,f,0,f,g,00180,0,-
604bb934e4ed841a35df1e8c,b,23.08,0.0,u,g,k,v,1.0,f,t,11,f,s,00000,0,-
604bb934e4ed841a35df1e8e,b,30.58,2.71,y,p,m,v,0.125,f,f,0,t,s,00080,0,-
604bb934e4ed841a35df1ea8,b,22.08,2.335,u,g,k,v,0.75,f,f,0,f,g,00180,0,-
604bb934e4ed841a35df1ec1,a,20.50,11.835,u,g,c,h,6.0,t,f,0,f,g,00340,0,+
604bb934e4ed841a35df1ee9,b,40.92,0.835,u,g,ff,ff,0.0,t,f,0,f,g,00130,1,-
604bb934e4ed841a35df1f33,b,32.33,3.5,u,g,k,v,0.5,f,f,0,t,g,00232,0,-
604bb934e4ed841a35df1f42,a,25.58,0.0,?,?,?,?,0.0,f,f,0,f,p,?,0,+
604bb934e4ed841a35df1f43,b,18.83,0.0,u,g,q,v,0.665,f,f,0,f,g,00160,1,-
604bb934e4ed841a35df1f57,a,52.50,7.0,u,g,aa,h,3.0,f,f,0,f,g,00000,0,-
604bb934e4ed841a35df1cd9,b,32.08,4.0,u,g,m,v,2.5,t,f,0,t,g,00360,0,+
604bb934e4ed841a35df1ce4,b,28.25,0.875,u,g,m,v,0.96,t,t,3,t,g,00396,0,+
604bb934e4ed841a35df1ced,a,15.83,0.585,u,g,c,h,1.5,t,t,2,f,g,00100,0,+
604bb934e4ed841a35df1d16,a,36.00,1.0,u,g,c,v,2.0,t,t,11,f,g,00000,456,+
604bb934e4ed841a35df1d1a,b,32.33,7.5,u,g,e,bb,1.585,t,f,0,t,s,00420,0,-
604bb934e4ed841a35df1d32,b,28.75,1.5,y,p,c,v,1.5,t,f,0,t,g,00000,225,-
604bb934e4ed841a35df1d3f,a,25.00,11.0,y,p,aa,v,4.5,t,f,0,f,g,00120,0,-
604bb934e4ed841a35df1d7e,a,25.08,2.54,y,p,aa,v,0.25,t,f,0,t,g,00370,0,+
604bb934e4ed841a35df1db8,b,19.67,0.375,u,g,q,v,2.0,t,t,2,t,g,00080,0,+
604bb934e4ed841a35df1dbc,b,33.50,1.75,u,g,x,h,4.5,t,t,4,t,g,00253,857,+
604bb934e4ed841a35df1dd0,a,17.83,11.0,u,g,x,h,1.0,t,t,11,f,g,00000,3000,+
604bb934e4ed841a35df1dde,b,18.33,1.21,y,p,e,dd,0.0,f,f,0,f,g,00100,0,-
604bb934e4ed841a35df1de9,a,18.17,10.0,y,p,q,h,0.165,f,f,0,f,g,00340,0,-
604bb934e4ed841a35df1e09,a,31.75,3.0,y,p,j,j,0.0,f,f,0,f,g,00160,20,-
604bb934e4ed841a35df1e0a,a,24.83,4.5,u,g,w,v,1.0,f,f,0,t,g,00360,6,-
604bb934e4ed841a35df1e26,a,33.25,3.0,y,p,aa,v,2.0,f,f,0,f,g,00180,0,-
604bb934e4ed841a35df1e5d,b,24.75,0.54,u,g,m,v,1.0,f,f,0,t,g,00120,1,-
604bb934e4ed841a35df1e65,b,28.92,0.375,u,g,c,v,0.29,f,f,0,f,g,00220,140,-
604bb934e4ed841a35df1e6e,b,31.25,2.835,u,g,ff,ff,0.0,f,t,5,f,g,00176,146,-
604bb934e4ed841a35df1e7c,b,33.67,2.165,u,g,c,v,1.5,f,f,0,f,p,00120,0,-
604bb934e4ed841a35df1e82,b,51.83,3.0,y,p,ff,ff,1.5,f,f,0,f,g,00180,4,-
604bb934e4ed841a35df1e87,b,19.00,0.0,y,p,ff,ff,0.0,f,t,4,f,g,00045,1,-
604bb934e4ed841a35df1e91,a,?,11.25,u,g,ff,ff,0.0,f,f,0,f,g,?,5200,-
604bb934e4ed841a35df1ec3,b,19.17,9.5,u,g,w,v,1.5,t,f,0,f,g,00120,2206,+
604bb934e4ed841a35df1ecf,a,24.75,3.0,u,g,q,h,1.835,t,t,19,f,g,00000,500,+
604bb934e4ed841a35df1ed7,b,?,10.5,u,g,x,v,6.5,t,f,0,f,g,00000,0,+
604bb934e4ed841a35df1ee0,a,28.58,1.665,u,g,q,v,2.415,t,f,0,t,g,00440,0,-
604bb934e4ed841a35df1eeb,a,33.92,1.585,y,p,ff,ff,0.0,t,f,0,f,g,00320,0,-
604bb934e4ed841a35df1efb,b,51.33,10.0,u,g,i,bb,0.0,t,t,11,f,g,00000,1249,+
604bb934e4ed841a35df1f09,a,20.83,3.0,u,g,aa,v,0.04,t,f,0,f,g,00100,0,+
604bb934e4ed841a35df1f0b,a,25.17,2.875,u,g,x,h,0.875,t,f,0,f,g,00360,0,+
604bb934e4ed841a35df1f0e,b,59.50,2.75,u,g,w,v,1.75,t,t,5,t,g,00060,58,+
604bb934e4ed841a35df1f15,b,25.17,6.0,u,g,c,v,1.0,t,t,3,f,g,00000,0,+
604bb934e4ed841a35df1f27,b,25.75,0.75,u,g,c,bb,0.25,t,f,0,f,g,00349,23,+
604bb934e4ed841a35df1f31,a,29.58,1.75,y,p,k,v,1.25,f,f,0,t,g,00280,0,-
604bb934e4ed841a35df1f34,b,?,0.04,y,p,d,v,4.25,f,f,0,t,g,00460,0,-
604bb934e4ed841a35df1f37,b,27.58,3.25,y,p,q,h,5.085,f,t,2,t,g,00369,1,-
604bb934e4ed841a35df1f3b,b,29.42,1.25,u,g,c,h,0.25,f,t,2,t,g,00400,108,-
604bb934e4ed841a35df1f40,b,22.17,2.25,u,g,i,v,0.125,f,f,0,f,g,00160,10,-
604bb934e4ed841a35df1f69,b,29.83,3.5,u,g,c,v,0.165,f,f,0,f,g,00216,0,-
604bb934e4ed841a35df1f77,a,41.58,1.04,u,g,aa,v,0.665,f,f,0,f,g,00240,237,-
604bb934e4ed841a35df1f85,b,35.00,3.375,u,g,c,h,8.29,f,f,0,t,g,00000,0,-
